{
  "[安全保命條款]": 1,
  "[保命條款]": 2,
  "[危害性化學品]": 3,
  "[廢棄物管理]": 4,
  "[緊急應變]": 5,
  "[防火安全]": 6,
  "[電氣安全]": 7,
  "[電器安全]": 8,
  "[變更管理]": 9,
  "[作業安全]": 10,
  "[防護具管理]": 11,
  "[個人防護具]": 12,
  "[墜落預防]": 13,
  "[防災預防]": 14,
  "[人因預防]": 15,
  "[物料存放]": 16,
  "[電氣安全管理]": 17,
  "[消防及作業觀察]": 18,
  "[機台安全管理]": 19,
  "[安全元件查核]": 20,
  "[化學品安全管理]": 21,
  "[其他]": 22,
  "[事故平展]": 23,
  "[設備壓傷]": 24,
  "[機構壓傷]": 25,
  "[PM作業]": 26,
  "[調機作業]": 27,
  "[搬運作業]": 28,
  "[墜落防護]": 29,
  "[工具台車安全管理]": 30
}
